{
  "total_flows": 2,
  "total_packets": 6,
  "total_bytes": 4844,
  "protocols": [
    "SIP"
  ],
  "duration": 0.23961496353149414,
  "start_time": 1606196850.078548,
  "end_time": 1606196850.318163
}