{
  "total_flows": 4,
  "total_packets": 32,
  "total_bytes": 13086,
  "protocols": [
    "Diameter",
    "PFCP",
    "GTP-C"
  ],
  "duration": 27.83003520965576,
  "start_time": 1697719684.9876096,
  "end_time": 1697719712.8176448
}