{
  "total_flows": 0,
  "total_packets": 4,
  "total_bytes": 0,
  "protocols": [],
  "duration": 3.044502019882202,
  "start_time": 1722044076.306955,
  "end_time": 1722044079.351457
}