{
  "total_flows": 2,
  "total_packets": 4,
  "total_bytes": 215,
  "protocols": [
    "HTTP",
    "UDP"
  ],
  "duration": 0.002290010452270508,
  "start_time": 1768281044.20964,
  "end_time": 1768281044.21193
}