{
  "total_flows": 39,
  "total_packets": 954,
  "total_bytes": 215983,
  "protocols": [
    "S1-AP/X2-AP",
    "SCTP",
    "Diameter",
    "DNS",
    "M3UA",
    "GTP-C"
  ],
  "duration": 11349.913932085037,
  "start_time": 1752129487.307639,
  "end_time": 1752140837.221571
}