{
  "total_flows": 3,
  "total_packets": 84,
  "total_bytes": 8481,
  "protocols": [
    "S1-AP/X2-AP",
    "SCTP",
    "DNS"
  ],
  "duration": 22.770596027374268,
  "start_time": 1752733630.040974,
  "end_time": 1752733652.81157
}