{
  "total_flows": 3,
  "total_packets": 8,
  "total_bytes": 3810,
  "protocols": [
    "Diameter",
    "GTP-C"
  ],
  "duration": 0.0653383731842041,
  "start_time": 1654758616.9844587,
  "end_time": 1654758617.049797
}