{
  "total_flows": 2,
  "total_packets": 5,
  "total_bytes": 3906,
  "protocols": [
    "SIP"
  ],
  "duration": 0.12886309623718262,
  "start_time": 1606196852.474177,
  "end_time": 1606196852.60304
}