{
  "total_flows": 141,
  "total_packets": 9890,
  "total_bytes": 2839062,
  "protocols": [
    "PFCP",
    "GTP-C",
    "Diameter",
    "UDP",
    "RADIUS"
  ],
  "duration": 133611.9695584774,
  "start_time": 1747907801.1320524,
  "end_time": 1748041413.101611
}